115年09月18日 每日收盤行情(ETF),,,,,,,,,,,,,,,
"(元,股)",,,,,,,,,,,"(元,交易單位)",,,,
證券代號,證券名稱,成交股數,成交筆數,成交金額,開盤價,最高價,最低價,收盤價,漲跌(+/-),漲跌價差,最後揭示買價,最後揭示買量,最後揭示賣價,最後揭示賣量,本益比
00400A,主動國泰動能高息,"36,138,014","6,037","538,660,510",14.9,15.01,14.8,15,+,0.43,14.99,284,15,84,0
00401A,主動摩根台灣鑫收,"5,191,049",900,"73,482,736",14.13,14.24,14.09,14.22,+,0.27,14.22,360,14.23,50,0
00402A,主動安聯美國科技,"6,392,489",990,"61,397,228",9.56,9.62,9.56,9.62,+,0.1,9.61,"1,087",9.62,53,0
00403A,主動統一升級50,"316,017,832","41,164","3,246,287,042",10.23,10.34,10.2,10.33,+,0.32,10.32,"3,380",10.33,"3,336",0
00404A,主動聯博動能50,"14,109,627","1,588","136,425,540",9.64,9.72,9.63,9.71,+,0.19,9.7,328,9.71,25,0
00405A,主動富邦台灣龍耀,"111,809,132","23,681","978,198,322",8.65,8.87,8.62,8.87,+,0.44,8.87,990,8.88,"1,411",0
00406A,主動中信台灣收益,"202,589,259","23,575","1,929,954,922",9.47,9.59,9.46,9.59,+,0.28,9.58,"3,617",9.59,"2,745",0
00407A,主動凱基台灣,"51,795,274","5,676","498,583,040",9.53,9.7,9.52,9.7,+,0.35,9.69,"1,546",9.7,"2,325",0
00408A,主動第一金優股息,"1,854,224",282,"19,109,396",10.3,10.34,10.26,10.34,+,0.19,10.34,48,10.35,34,0
00409A,主動復華全球50,"22,181,158","2,337","215,550,856",9.61,9.78,9.61,9.78,+,0.25,9.78,181,9.79,262,0
00410A,主動永豐科技趨勢,"7,071,566","1,033","84,585,312",11.89,12.08,11.85,12.07,+,0.42,12.07,630,12.08,445,0
0050,元大台灣50,"86,731,065","75,962","9,490,829,221",109.6,109.95,108.85,109.85,+,1.8,109.8,939,109.85,556,0
0051,元大中型100,"68,992",451,"10,032,698",145.15,146.15,144.8,145.7,+,1.85,145.75,1,146,2,0
0052,富邦科技,"16,624,775","12,214","1,056,460,486",63.55,63.85,63.2,63.8,+,1.1,63.75,37,63.8,54,0
0053,元大電子,"91,819","1,095","22,533,512",244.15,246.8,244.15,246.8,+,4.85,245.8,1,247.1,34,0
0055,元大MSCI金融,"1,767,396","4,260","88,428,796",51.4,51.4,49.45,50.15,-,0.7,50.1,17,50.15,28,0
0056,元大高股息,"19,305,390","18,441","1,094,784,801",57,57.1,56.35,56.85,+,0.55,56.8,256,56.85,523,0
0057,富邦摩台,"44,703",922,"14,531,957",325.85,327.15,323.65,325.65,+,1.55,325.6,10,330,1,0
0061,元大寶滬深,"81,819",124,"1,962,045",23.99,24.13,23.89,24.13,+,0.25,24.06,1,24.13,71,0
006203,元大MSCI台灣,"21,463",325,"4,240,987",197.8,198.6,197.5,198.5,+,2.7,197.45,10,198.6,1,0
006204,永豐臺灣加權,"22,268",88,"5,220,408",234.45,234.85,234.45,234.85,+,2.2,234.4,1,235.25,2,0
006205,富邦上証,"159,827",191,"6,401,426",39.87,40.2,39.85,40.13,+,0.3,40.1,75,40.19,108,0
006206,元大上證50,"16,933",122,"632,043",37.27,37.49,37.27,37.35,+,0.15,37.33,1,37.45,57,0
006207,復華滬深,"214,166",63,"6,844,632",31.88,32.1,31.88,32.1,+,0.32,32.05,104,32.1,1,0
006208,富邦台50,"3,712,651","9,528","930,300,304",250.55,251.55,249.2,251.2,+,3.8,251.2,5,251.25,1,0
00625K,富邦上証+R,0,0,0,--,--,--,--, ,0,8.35,21,8.46,5,0
00631L,元大台灣50正2,"196,288,375","54,841","7,325,460,407",37.31,37.67,36.91,37.65,+,1.24,37.64,203,37.65,"2,885",0
00632R,元大台灣50反1,"133,872,609","16,973","1,299,478,264",9.71,9.77,9.66,9.67,-,0.17,9.67,"5,228",9.68,721,0
00633L,富邦上証正2,"1,556,349",372,"73,630,967",46.7,47.63,46.69,47.35,+,0.82,47.35,96,47.46,2,0
00634R,富邦上証反1,"12,901",12,"40,795",3.18,3.18,3.15,3.17,-,0.02,3.14,603,3.17,403,0
00635U,期元大S&P黃金,"2,623,875","1,948","117,914,061",44.97,45.09,44.73,45.07,+,0.78,45.06,5,45.07,111,0
00636,國泰中國A50,"180,147",208,"4,910,721",27.48,27.48,27.19,27.31,+,0.13,27.31,98,27.34,1,0
00636K,國泰中國A50+U,200,2,"1,718",8.59,8.59,8.59,8.59,+,0.05,8.47,11,8.64,11,0
00637L,元大滬深300正2,"15,220,643","1,952","295,997,505",19.34,19.66,19.3,19.54,+,0.29,19.54,717,19.55,39,0
00638R,元大滬深300反1,"239,500",9,"1,617,490",6.78,6.78,6.71,6.73,-,0.07,6.71,275,6.73,200,0
00639,富邦深100,"237,860",221,"3,807,090",15.89,16.15,15.87,16.08,+,0.17,16.08,176,16.12,20,0
00640L,富邦日本正2,"32,580",52,"3,495,882",106.7,108.15,106,107.55,+,0.9,107.3,79,107.55,57,0
00641R,富邦日本反1,"2,810,900",73,"10,302,982",3.69,3.7,3.66,3.66,-,0.02,3.65,308,3.66,162,0
00642U,期元大S&P石油,"1,829,340",822,"60,554,700",33.14,33.2,33,33.1,-,0.34,33.07,1,33.1,342,0
00643,群益深証中小,"2,242,791",145,"40,551,738",17.99,18.2,17.99,18.18,+,0.18,18.18,20,18.19,10,0
00643K,群益深証中小+R,"10,000",2,"38,050",3.79,3.82,3.79,3.82,X,0,3.81,26,3.83,5,0
00645,富邦日本,"139,717",274,"8,064,598",57.7,58.15,57.45,57.95,+,0.4,57.85,5,57.95,59,0
00646,元大S&P500,"2,086,029","3,351","159,581,466",76.65,76.7,76.35,76.6,+,0.3,76.55,7,76.6,861,0
00647L,元大S&P500正2,"27,030",62,"3,692,141",136.25,136.95,136.15,136.95,+,1.7,136.95,50,137,1,0
00648R,元大S&P500反1,"617,491",50,"2,431,826",3.94,3.94,3.93,3.93,-,0.03,3.93,713,3.94,31,0
00650L,復華香港正2,"1,424,128",366,"23,161,647",16.08,16.38,16.08,16.32,+,0.36,16.31,21,16.32,27,0
00651R,復華香港反1,"421,598",35,"2,223,886",5.29,5.29,5.26,5.28,-,0.05,5.27,210,5.28,304,0
00652,富邦印度,"173,003",233,"5,532,051",32.01,32.05,31.94,31.97,-,0.03,31.97,2,32,31,0
00653L,富邦印度正2,"56,156",63,"2,424,766",43.16,43.25,43.08,43.13,+,0.11,43.12,1,43.13,40,0
00654R,富邦印度反1,"23,150",6,"160,961",6.98,6.98,6.95,6.96,-,0.02,6.96,169,7,20,0
00655L,國泰中國A50正2,"364,660",143,"11,964,696",32.45,33.14,32.45,33,+,0.53,32.95,3,33,3,0
00656R,國泰中國A50反1,"13,980",5,"82,821",5.93,5.93,5.92,5.92,-,0.06,5.91,269,5.93,581,0
00657,國泰日經225,"166,362",91,"12,803,169",76.6,77.45,76.55,77.2,+,1.35,77.05,150,77.2,1,0
00657K,國泰日經225+U,200,2,"4,874",24.37,24.37,24.37,24.37,+,0.47,24.2,11,24.43,11,0
00660,元大歐洲50,"31,855",84,"1,460,062",45.84,45.85,45.77,45.77,-,0.06,45.77,17,45.9,1,0
00661,元大日經225,"111,039",171,"9,323,226",83.65,84.6,83.5,84.35,+,1.3,84.3,1,84.35,2,0
00662,富邦NASDAQ,"3,871,078","2,756","465,592,189",120.4,120.5,119.85,120.5,+,1.3,120.4,303,120.5,346,0
00663L,國泰臺灣加權正2,"5,615,308","3,501","604,571,976",107.45,108.95,106.5,108.65,+,3.85,108.6,9,108.65,372,0
00664R,國泰臺灣加權反1,"25,902,818","1,202","40,630,055",1.56,1.58,1.56,1.56,-,0.03,1.56,"8,096",1.57,"9,041",0
00665L,富邦恒生國企正2,"7,332,451",596,"65,275,632",8.84,8.96,8.83,8.92,+,0.15,8.92,101,8.93,258,0
00666R,富邦恒生國企反1,"16,110",15,"149,509",9.32,9.32,9.26,9.28,-,0.08,9.26,83,9.28,107,0
00668,國泰美國道瓊,"388,875",150,"23,475,289",60.35,60.5,60.35,60.5,+,0.05,60.45,1,60.5,109,0
00668K,國泰美國道瓊+U,200,2,"3,790",18.95,18.95,18.95,18.95,+,0.11,18.86,11,19.02,11,0
00669R,國泰美國道瓊反1,"1,351,000",47,"7,193,450",5.34,5.34,5.32,5.32,-,0.02,5.32,"3,104",5.33,322,0
00670L,富邦NASDAQ正2,"444,844",623,"88,001,522",197.05,199.35,196.95,199.25,+,5.1,199.2,3,199.25,83,0
00671R,富邦NASDAQ反1,"10,421,998",226,"25,267,358",2.43,2.44,2.41,2.42,-,0.04,2.42,392,2.43,"2,861",0
00673R,期元大S&P原油反1,"25,136,743","2,786","257,262,590",10.22,10.27,10.21,10.26,+,0.11,10.25,301,10.26,747,0
00674R,期元大S&P黃金反1,"193,358",65,"5,429,634",28.02,28.21,27.99,28.01,-,0.52,28.01,1,28.03,111,0
00675L,富邦臺灣加權正2,"1,365,469","1,786","445,616,781",325.7,329.85,322.8,329.2,+,11.5,329.05,1,329.2,39,0
00676R,富邦臺灣加權反1,"13,904,692",881,"74,491,292",5.38,5.39,5.33,5.33,-,0.11,5.33,"1,276",5.35,"1,447",0
00678,群益那斯達克生技,"458,569",194,"19,790,619",43.2,43.28,43.13,43.19,+,0.81,43.17,50,43.19,3,0
00680L,元大美債20正2,"9,714,444",645,"61,532,622",6.32,6.35,6.31,6.33,+,0.13,6.32,"6,979",6.33,43,0
00681R,元大美債20反1,"3,140",4,"68,511",21.82,21.82,21.81,21.81,-,0.24,21.82,150,21.87,204,0
00682U,期元大美元指數,0,0,0,--,--,--,--, ,0,20.66,1,20.67,1,0
00683L,期元大美元指正2,"22,447",8,"487,953",21.72,21.76,21.72,21.76,-,0.05,21.74,33,21.76,18,0
00684R,期元大美元指反1,"2,200",3,"33,048",15.02,15.02,15.02,15.02,-,0.02,14.99,1,15.07,55,0
00685L,群益臺灣加權正2,"266,450,607","41,854","3,279,218,165",12.29,12.45,12.16,12.42,+,0.44,12.41,732,12.42,"7,708",0
00686R,群益臺灣加權反1,"18,804,515",312,"17,941,715",0.96,0.97,0.95,0.95,-,0.02,0.95,"2,243",0.96,"2,245",0
00688L,國泰20年美債正2,"4,138,440",299,"26,144,537",6.31,6.34,6.3,6.32,+,0.13,6.31,15,6.32,"1,306",0
00689R,國泰20年美債反1,"1,131",2,"25,899",22.9,22.9,22.9,22.9,-,0.25,22.87,185,22.91,203,0
00690,兆豐藍籌30,"677,017",606,"54,005,978",79.6,80.25,79.35,80.15,+,2,80.1,4,80.2,6,0
00692,富邦公司治理,"1,110,897","1,274","104,484,049",94,94.5,93.6,94.45,+,1.55,94.4,5,94.45,82,0
00693U,期街口S&P黃豆,"1,133,893",343,"27,079,274",24.05,24.07,23.8,23.8,-,0.44,23.8,82,23.82,10,0
00700,富邦恒生國企,"137,887",136,"2,328,390",16.81,16.93,16.81,16.92,+,0.17,16.9,94,16.92,7,0
00701,國泰股利精選30,"684,191","1,156","28,756,693",42.54,42.54,41.66,42.1,-,0.05,42.09,3,42.1,15,0
00702,國泰標普低波高息,"135,855",84,"3,286,457",24.21,24.23,24.18,24.18,-,0.07,24.17,1,24.18,8,0
00703,台新MSCI中國,"5,173",5,"97,567",18.78,18.88,18.78,18.88,+,0.16,18.86,42,18.88,42,0
00706L,期元大S&P日圓正2,"2,184,691",507,"42,503,614",19.61,19.61,19.32,19.32,-,0.34,19.32,1,19.33,107,0
00707R,期元大S&P日圓反1,"52,000",4,"1,652,580",31.78,31.89,31.76,31.89,X,0,31.74,28,31.88,22,0
00708L,期元大S&P黃金正2,"4,694,785","2,585","371,284,804",79.15,79.55,78.2,79.45,+,2.75,79.4,6,79.45,24,0
00709,富邦歐洲,"52,706",161,"2,097,398",39.85,39.88,39.68,39.75,-,0.13,39.75,27,39.87,10,0
00710B,復華彭博非投等債,"281,821",71,"5,295,923",18.8,18.81,18.78,18.78,-,0.01,18.78,27,18.79,2,0
00711B,復華彭博新興債,"130,074",7,"1,984,379",15.25,15.26,15.24,15.24, ,0,15.25,1,15.28,50,0
00712,復華富時不動產,"112,088,993","24,001","893,587,367",7.99,7.99,7.96,7.97,-,0.05,7.97,"9,308",7.98,"37,239",0
00713,元大台灣高息低波,"7,560,837","5,160","491,342,843",65.05,65.2,64.65,65.1,+,0.15,65.05,74,65.1,44,0
00714,群益道瓊美國地產,"115,460",24,"2,438,900",21.16,21.16,21.12,21.12,-,0.08,21.11,2,21.14,50,0
00715L,期街口布蘭特正2,"3,898,670","1,489","260,920,556",67.4,67.5,66.2,66.6,-,2.4,66.55,14,66.6,125,0
00717,富邦美國特別股,"193,455",161,"2,835,936",14.66,14.67,14.62,14.67,+,0.08,14.66,1,14.67,7,0
00728,第一金工業30,"404,915",470,"28,029,413",68.6,69.75,68.6,69.65,X,0,69.55,11,69.65,2,0
00730,富邦臺灣優質高息,"209,115",332,"6,012,055",28.5,28.92,28.5,28.92,+,0.56,28.91,55,28.92,1,0
00731,復華富時高息低波,"2,163,518","2,946","213,792,643",100.15,100.2,98,99.05,-,0.25,99,20,99.05,1,0
00733,富邦臺灣中小,"389,789",587,"26,474,447",67.5,68.4,67.3,68.3,+,1.85,68.2,1,68.3,3,0
00735,國泰臺韓科技,"988,875","1,473","103,565,126",104.6,105.2,104.2,105.2,+,2.65,105.15,6,105.2,25,0
00736,國泰新興市場,"347,992",117,"10,997,653",31.51,31.73,31.48,31.73,+,0.3,31.71,1,31.8,1,0
00737,國泰AI機器人,"224,545",214,"9,083,890",40.15,40.55,40.15,40.55,+,0.58,40.51,1,40.55,3,0
00738U,期元大道瓊白銀,"3,489,958","1,656","182,305,598",52.25,52.6,51.95,52.5,+,2.2,52.5,486,52.55,44,0
00739,元大MSCI A股,"27,335",85,"751,971",27.5,27.59,27.39,27.59,+,0.29,27.53,56,27.67,20,0
00752,中信中國50,"532,800",309,"11,925,303",22.41,22.45,22.32,22.37,+,0.08,22.37,14,22.38,2,0
00753L,中信中國50正2,"9,920,956","1,270","87,733,146",8.78,8.92,8.74,8.86,+,0.12,8.86,287,8.87,24,0
00757,統一FANG+,"1,440,893","1,484","202,155,887",140.05,140.8,139.9,140.65,+,1.25,140.65,401,140.75,14,0
00762,元大全球AI,"156,211",371,"17,997,906",114.85,115.65,114.85,115.65,+,2,115.65,20,115.75,1,0
00763U,期街口道瓊銅,"286,196",191,"9,923,414",34.7,34.76,34.62,34.7,+,0.51,34.7,138,34.71,1,0
00770,國泰北美科技,"834,544",865,"52,448,893",62.75,63,62.65,63,+,0.8,63,31,63.1,37,0
00771,元大US高息特別股,"12,550",70,"190,728",15.23,15.23,15.16,15.2,-,0.02,15.17,2,15.2,14,0
00775B,台新投等債15+,"80,000",2,"2,456,000",30.7,30.7,30.7,30.7,+,0.05,30.7,2,30.85,26,0
00783,富邦中証500,"317,298",104,"8,801,333",27.6,28.12,27.6,28.05,+,0.47,28.03,30,28.05,7,0
00830,國泰費城半導體,"7,428,945","6,032","608,082,970",81.55,82.45,81.35,82.1,+,1.65,82.05,198,82.1,3,0
00850,元大臺灣ESG永續,"573,749","1,136","53,622,499",93.3,94,93,93.75,+,1.6,93.75,1,93.8,7,0
00851,台新全球AI,"25,271",78,"1,775,178",70.2,70.55,70.2,70.55,+,0.35,70.25,20,70.3,1,0
00852L,國泰美國道瓊正2,"1,194,533",106,"40,007,143",33.5,33.61,33.44,33.6,+,0.09,33.58,4,33.6,143,0
00861,元大全球未來通訊,"71,243",307,"6,001,121",86.35,86.35,83.8,84.5,+,0.8,84.5,128,84.65,3,0
00865B,國泰US短期公債,"2,680,713",714,"130,895,592",48.95,48.95,48.76,48.81,-,0.14,48.8,138,48.81,59,0
00875,國泰網路資安,"442,435","1,320","25,279,632",57.15,57.25,57.05,57.2,+,0.55,57.15,104,57.2,3,0
00876,元大全球5G,"269,828",463,"22,833,925",84.35,85.15,84.3,85.15,+,0.95,85.1,55,85.2,3,0
00878,國泰永續高股息,"29,777,735","23,887","1,036,853,280",35.05,35.06,34.68,34.83,+,0.1,34.83,153,34.84,5,0
00881,國泰台灣科技龍頭,"17,931,884","8,427","910,055,655",50.5,51.05,50.5,51,+,1.19,50.95,536,51,32,0
00882,中信中國高股息,"2,895,075","1,049","42,755,367",14.88,14.88,14.74,14.78,+,0.03,14.78,595,14.79,15,0
00885,富邦越南,"5,369,862",941,"99,473,152",18.47,18.59,18.34,18.58,+,0.11,18.55,1,18.58,7,0
00891,中信關鍵半導體,"21,919,037","8,435","792,310,697",36.03,36.39,35.97,36.37,+,0.96,36.36,420,36.37,139,0
00892,富邦台灣半導體,"3,771,342","1,113","160,107,262",42.31,42.7,41.99,42.7,+,1.27,42.7,101,42.74,12,0
00893,國泰智能電動車,"601,934",559,"26,191,537",43.19,43.65,43.19,43.64,+,0.82,43.61,3,43.64,2,0
00894,中信小資高價30,"1,135,628",895,"54,230,751",47.5,48.1,47.45,48.06,+,1.68,48.03,2,48.06,11,0
00895,富邦未來車,"262,688",391,"13,239,100",50.85,50.85,50.2,50.5,+,0.78,50.5,79,50.55,10,0
00896,中信綠能及電動車,"3,960,074","1,999","107,074,222",26.91,27.14,26.91,27.13,+,0.5,27.12,4,27.13,67,0
00897,富邦基因免疫生技,"2,333,731",419,"31,166,902",13.33,13.38,13.33,13.37,+,0.35,13.37,4,13.38,41,0
00898,國泰基因免疫革命,"2,868,087",550,"32,782,501",11.41,11.46,11.39,11.43,+,0.32,11.43,51,11.44,19,0
00899,FT潔淨能源,"55,542",149,"1,279,973",23.04,23.08,23,23.08,+,0.45,23.05,1,23.08,6,0
00900,富邦特選高股息30,"5,103,401","3,604","100,967,846",19.82,19.85,19.7,19.84,+,0.07,19.84,50,19.85,557,0
00901,永豐智能車供應鏈,"217,258",172,"10,138,051",46.5,46.9,46.4,46.84,+,0.89,46.77,1,46.84,2,0
00902,中信電池及儲能,"645,529",320,"8,160,852",12.7,12.7,12.6,12.65,+,0.02,12.64,6,12.65,4,0
00903,富邦元宇宙,"104,212",206,"2,230,206",21.2,21.48,21.2,21.48,+,0.35,21.47,100,21.49,1,0
00904,台新臺灣半導體30,"1,036,427",854,"43,636,315",41.88,42.41,41.77,42.41,+,1.22,42.41,22,42.43,23,0
00905,FT臺灣Smart,"1,101,691",812,"29,488,810",26.68,26.88,26.62,26.85,+,0.55,26.85,8,26.86,10,0
00907,永豐優息存股,"3,116,043","4,339","55,938,815",18.07,18.07,17.85,18,-,0.06,18,5,18.01,130,0
00908,富邦入息REITs+,"23,294",63,"346,458",14.92,14.92,14.86,14.87,-,0.05,14.87,4,14.88,2,0
00909,國泰數位支付服務,"980,246",800,"46,062,379",46.44,47.2,46.44,47.17,+,1.13,47.17,4,47.19,50,0
00910,第一金太空衛星,"955,793","1,211","56,029,246",58.55,58.9,58.3,58.7,+,1.5,58.7,13,58.75,7,0
00911,兆豐洲際半導體,"641,786",547,"33,547,492",52.25,52.7,51.75,52.6,+,1.4,52.6,11,52.7,1,0
00912,中信臺灣智慧50,"237,991",318,"8,540,816",35.8,36.15,35.66,36.15,+,0.87,36.14,20,36.16,2,0
00913,兆豐台灣晶圓製造,"1,771,030","1,278","90,069,826",50.4,51.35,50.3,51.3,+,2.26,51.3,45,51.35,15,0
00915,凱基優選高股息30,"5,954,998","6,180","197,043,867",33.19,33.35,32.81,33.11,+,0.08,33.11,203,33.12,50,0
00916,國泰全球品牌50,"351,250",331,"9,445,573",26.86,26.95,26.8,26.92,+,0.06,26.92,100,26.93,1,0
00917,中信特選金融,"1,030,786",499,"23,952,019",23.38,23.38,23.21,23.22,-,0.01,23.21,139,23.22,201,0
00918,大華優利高填息30,"248,011,764","120,263","8,499,076,117",34.66,34.7,34,34.15,X,0,34.14,596,34.15,"2,769",0
00919,群益台灣精選高息,"124,464,408","88,444","3,976,449,236",32.24,32.25,31.78,31.96,-,0.15,31.95,"1,100",31.96,"1,636",0
00920,富邦ESG綠色電力,"245,721",183,"6,080,229",24.74,24.82,24.74,24.82,+,0.33,24.78,101,24.85,104,0
00921,兆豐龍頭等權重,"237,114",287,"5,572,109",23.4,23.65,23.4,23.65,+,0.33,23.6,3,23.65,6,0
00922,國泰台灣領袖50,"7,519,040","3,348","319,858,768",42.5,42.72,42.33,42.7,+,0.74,42.69,44,42.7,6,0
00923,群益台ESG低碳50,"3,184,727","2,102","128,942,319",40.4,40.66,40.32,40.64,+,0.74,40.64,10,40.65,59,0
00924,復華S&P500成長,"1,193,533",966,"39,412,291",32.92,33.14,32.92,33.07,+,0.25,33.07,10,33.08,5,0
00926,凱基全球菁英55,"607,748",224,"16,041,336",26.44,26.46,26.32,26.46,+,0.2,26.45,1,26.46,2,0
00927,群益半導體收益,"17,845,280","7,040","686,688,658",38.28,38.77,38.17,38.73,+,1.13,38.73,145,38.74,69,0
00929,復華台灣科技優息,"37,213,064","13,670","1,076,379,040",28.82,29.07,28.77,29.03,+,0.47,29.02,92,29.03,314,0
00930,永豐ESG低碳高息,"4,800,604","1,364","116,668,307",24.36,24.39,24.23,24.39,+,0.29,24.38,78,24.39,76,0
00932,兆豐永續高息等權,"532,905",206,"9,281,217",17.43,17.48,17.39,17.45,+,0.12,17.45,1,17.46,2,0
00934,中信成長高股息,"1,812,207",728,"53,719,156",29.66,29.87,29.58,29.82,+,0.35,29.81,12,29.82,6,0
00935,野村臺灣新科技50,"13,798,144","5,716","801,871,546",57.8,58.6,57.6,58.55,+,2,58.5,161,58.55,127,0
00936,台新永續高息中小,"1,030,890",372,"22,042,879",21.48,21.48,21.3,21.46,+,0.21,21.46,14,21.47,4,0
00938,凱基優選30,"2,226,506","4,714","59,943,716",27.11,27.11,26.72,27.03,-,0.07,27,3,27.03,391,0
00939,統一台灣高息動能,"7,897,058","4,927","191,712,538",24.46,24.46,24.11,24.34,-,0.07,24.33,4,24.34,43,0
00940,元大台灣價值高息,"23,084,613","5,937","301,839,604",13.05,13.11,13.01,13.11,+,0.12,13.11,171,13.12,"1,181",0
00941,中信上游半導體,"684,971",609,"16,470,357",24,24.09,23.96,24.08,+,0.12,24.06,14,24.08,34,0
00943,兆豐電子高息等權,"134,336",60,"2,811,949",20.91,21.09,20.91,21.09,+,0.26,21.05,1,21.11,2,0
00944,野村趨勢動能高息,"293,653",260,"6,405,074",21.73,21.9,21.72,21.9,+,0.2,21.89,499,21.91,7,0
00945B,凱基美國非投等債,"3,684,292",423,"52,874,286",14.37,14.37,14.34,14.35, ,0,14.34,"1,295",14.35,261,0
00946,群益科技高息成長,"1,554,098",552,"23,779,860",15.26,15.36,15.24,15.35,+,0.19,15.33,2,15.35,27,0
00947,台新臺灣IC設計,"9,901,317","7,444","380,440,332",38.04,38.88,37.91,38.88,+,1.78,38.88,88,38.89,25,0
00949,復華日本龍頭,"945,397",306,"20,780,142",22.09,22.09,21.9,21.97,-,0.16,21.96,13,21.98,306,0
00951,台新日本半導體,"2,711,897",666,"45,687,478",16.73,17.02,16.7,16.96,+,0.59,16.96,58,16.97,27,0
00952,凱基台灣AI50,"3,709,519","4,817","67,263,368",18.11,18.2,18.07,18.19,+,0.25,18.18,208,18.19,19,0
00953B,群益優選非投等債,"32,751,704","5,280","313,362,700",9.59,9.59,9.56,9.57,-,0.01,9.56,"9,290",9.57,"4,859",0
00954,中信日本半導體,"1,947,137",622,"35,028,325",17.89,18.19,17.83,18.1,+,0.62,18.09,4,18.1,7,0
00956,中信日經高股息,"696,499",252,"9,583,172",13.85,13.85,13.69,13.7,-,0.19,13.69,7,13.7,112,0
00960,野村全球航運龍頭,"591,774","2,084","13,512,363",22.75,22.94,22.75,22.82,+,0.29,22.81,2,22.82,15,0
00961,FT臺灣永續高息,"14,827,111","3,917","197,507,018",13.38,13.39,13.29,13.33,+,0.02,13.33,221,13.34,345,0
00962,台新AI優息動能,"2,020,169",687,"30,354,146",15.01,15.06,14.98,15.05,+,0.15,15.05,29,15.06,68,0
00963,中信全球高股息,"1,321,617",435,"17,166,576",13.03,13.03,12.98,13,-,0.01,12.99,111,13,181,0
00964,中信亞太高股息,"848,810",278,"12,564,317",14.85,14.85,14.79,14.8,+,0.02,14.79,31,14.8,24,0
00965,元大航太防衛科技,"632,323",495,"16,030,545",25.35,25.37,25.3,25.36,-,0.01,25.36,1,25.37,15,0
00971,野村美國研發龍頭,"117,864",188,"2,055,268",17.4,17.48,17.4,17.48,+,0.16,17.48,100,17.49,1,0
00972,野村日本動能高息,"43,528",50,"955,072",22.03,22.03,21.92,21.92,-,0.26,21.88,1,21.89,201,0
009800,中信NASDAQ,"1,042,163",432,"13,565,529",13.03,13.04,12.99,13.04,+,0.13,13.03,720,13.04,3,0
009801,中信美國創新科技,"629,006",232,"7,101,237",11.27,11.32,11.25,11.31,+,0.14,11.31,195,11.32,2,0
009802,富邦旗艦50,"6,222,645","6,140","123,290,538",19.94,19.96,19.71,19.87,+,0.08,19.87,40,19.88,45,0
009803,玉山市值動能50,"3,697,931","1,438","78,105,137",21.12,21.23,21.03,21.21,+,0.39,21.21,31,21.22,28,0
009804,聯邦台精彩50,"1,430,775",449,"33,363,571",23.31,23.42,23.22,23.4,+,0.4,23.39,7,23.4,27,0
009805,台新美國電力基建,"2,760,842","1,201","41,024,626",14.89,14.89,14.83,14.88,+,0.03,14.87,49,14.88,183,0
009808,華南永昌優選50,"225,740",54,"7,108,167",31.51,31.68,31.35,31.67,+,0.43,31.56,100,31.67,1,0
009809,富邦淨零ESG50,"1,145,751",402,"20,992,999",18.35,18.4,18.26,18.39,+,0.22,18.39,91,18.4,7,0
00980A,主動野村臺灣優選,"7,339,459","2,329","180,746,494",24.55,24.8,24.51,24.8,+,0.75,24.79,9,24.8,74,0
009810,玉山全球藍籌100,"272,817",56,"5,797,250",21.25,21.27,21.21,21.23,+,0.11,21.23,154,21.27,2,0
009811,統一美國50,"2,064,773",414,"27,441,560",13.26,13.33,13.26,13.32,+,0.09,13.31,551,13.32,9,0
009812,野村日本東證,"252,274",218,"3,280,788",13.08,13.08,12.98,13,-,0.08,12.99,11,13,94,0
009813,貝萊德標普卓越50,"1,473,160",365,"16,700,652",11.33,11.36,11.32,11.36,+,0.09,11.35,142,11.36,69,0
009816,凱基台灣TOP50,"115,488,679","30,498","1,869,414,522",16.23,16.27,16.1,16.25,+,0.21,16.24,835,16.25,844,0
009817,國泰日本不動產,"2,040,687",447,"18,268,474",9.03,9.03,8.91,8.92,-,0.11,8.91,87,8.92,419,0
009818,華南永昌NASDAQxT,"389,112",123,"7,897,882",20.08,20.36,20.08,20.36,+,0.28,20.36,144,20.37,6,0
009819,中信數據及電力,"1,587,350",854,"15,306,817",9.67,9.67,9.61,9.67,+,0.12,9.66,422,9.67,10,0
00981A,主動統一台股增長,"144,724,965","39,269","4,181,081,586",28.68,29.07,28.68,29.07,+,0.94,29.06,"1,232",29.07,358,0
00981T,平衡凱基雙核收息,"1,868,355",259,"22,076,132",11.83,11.84,11.8,11.83,+,0.08,11.83,45,11.84,61,0
009820,元大納斯達克精選,"9,050,056","1,135","90,297,451",9.97,10,9.94,9.99,+,0.17,9.99,565,10,159,0
009821,野村稀土關鍵資源,"3,950,302",930,"55,779,763",14.07,14.19,14.07,14.15,+,0.2,14.14,102,14.15,68,0
009824,群益美國科技巨頭,"19,789,497","2,138","201,361,850",10.13,10.21,10.13,10.19,+,0.14,10.19,"1,164",10.2,90,0
009826,貝萊德世界股票,"10,835,685","2,524","108,594,790",10.04,10.05,10,10.03,+,0.03,10.03,71,10.04,"1,979",0
009827,玉山未來全球算力,"5,436,471",937,"55,080,181",10.12,10.17,10.1,10.16,+,0.15,10.16,391,10.17,199,0
009828,中信台日韓PCB,"40,572,581","4,990","378,527,260",9.34,9.37,9.29,9.34,+,0.16,9.34,296,9.35,843,0
009829,大華韓國KOSPI50,"18,066,844","1,704","191,168,405",10.58,10.64,10.52,10.63,+,0.23,10.62,216,10.63,481,0
00982A,主動群益台灣強棒,"19,439,539","5,753","440,304,156",22.56,22.85,22.46,22.83,+,0.68,22.82,373,22.83,20,0
00982D,主動富邦動態入息,"72,926",62,"696,530",9.55,9.56,9.54,9.55,+,0.03,9.54,704,9.55,19,0
00982T,平衡兆豐台美動能,"143,049",65,"2,168,567",15.12,15.25,15.07,15.23,+,0.31,15.22,2,15.25,10,0
00983A,主動中信ARK創新,"3,075,076",838,"39,330,157",12.71,12.83,12.71,12.82,+,0.43,12.81,128,12.82,36,0
00983D,主動富邦複合收益,"1,004,987",94,"9,828,769",9.79,9.8,9.77,9.78,+,0.02,9.77,41,9.78,98,0
00984A,主動安聯台灣高息,"3,462,187","1,323","53,641,994",15.48,15.53,15.45,15.53,+,0.25,15.53,236,15.54,8,0
00984D,主動聯博全球非投,"10,025,288",918,"99,066,377",9.88,9.9,9.87,9.88,+,0.01,9.87,"2,003",9.88,"1,503",0
00985A,主動野村台灣50,"1,769,482","1,084","40,649,061",22.94,23.05,22.88,23.05,+,0.45,23.04,19,23.05,29,0
00985B,群益ESG投等債0-5,"14,211,460",894,"143,760,315",10.13,10.14,10.1,10.12,-,0.01,10.11,226,10.12,"1,725",0
00986A,主動台新龍頭成長,"221,242",130,"3,164,135",14.36,14.36,14.26,14.35,+,0.16,14.35,198,14.36,3,0
00987A,主動台新優勢成長,"4,466,547","3,531","73,505,918",16.05,16.63,16.05,16.63,+,0.8,16.62,1,16.63,269,0
00988A,主動統一全球創新,"23,508,771","6,407","381,343,461",16.23,16.3,16.16,16.3,+,0.33,16.29,414,16.3,31,0
00989A,主動摩根美國科技,"969,106",162,"16,589,546",17.23,17.23,17.03,17.13,+,0.15,17.12,"1,057",17.13,9,0
00990A,主動元大AI新經濟,"13,638,688","3,559","207,008,039",15.09,15.29,15.09,15.27,+,0.38,15.27,183,15.28,77,0
00991A,主動復華未來50,"54,352,419","12,016","945,007,080",17.35,17.45,17.29,17.45,+,0.49,17.44,525,17.45,452,0
00991B,貝萊德A級公司債,"1,603,585",30,"23,709,568",14.8,14.82,14.76,14.77,+,0.05,14.77,1,14.79,300,0
00992A,主動群益科技創新,"40,616,309","13,785","733,923,025",17.93,18.21,17.89,18.21,+,0.69,18.21,122,18.22,293,0
00993A,主動安聯台灣,"7,593,827","1,542","101,474,443",13.24,13.48,13.24,13.48,+,0.53,13.45,36,13.48,92,0
00994A,主動第一金台股優,"3,202,992",795,"52,827,297",16.4,16.6,16.38,16.6,X,0,16.6,75,16.61,23,0
00995A,主動中信台灣卓越,"2,283,997",880,"38,996,058",16.95,17.19,16.95,17.17,+,0.61,17.17,191,17.18,61,0
00996A,主動兆豐台灣豐收,"4,055,402",998,"56,645,603",13.79,14.07,13.79,14.07,+,0.52,14.06,10,14.07,10,0
00997A,主動群益美國增長,"6,256,094","1,468","68,923,374",11,11.06,10.98,11.05,+,0.15,11.05,494,11.06,257,0
00999A,主動野村臺灣高息,"10,484,666","1,838","116,846,037",11.12,11.2,11.09,11.2,+,0.24,11.19,272,11.2,186,0
備註:,,,,,,,,,,,,,,,
漲跌(+/-)欄位符號說明:+/-/X表示漲/跌/不比價。,,,,,,,,,,,,,,,
當證券代號為認購(售)權證及認股權憑證時本益比欄位置為結算價；但如為以外國證券或指數為標的之認購(售)權證及履約方式採歐式者，該欄位為空白。,,,,,,,,,,,,,,,
除境外指數股票型基金及外國股票第二上市外，餘交易單位皆為千股。,,,,,,,,,,,,,,,
本統計資訊含一般、零股、盤後定價、鉅額交易，不含拍賣、標購。,,,,,,,,,,,,,,,
ETF證券代號第六碼為K、M、S、C者，表示該ETF以外幣交易。,,,,,,,,,,,,,,,
